Model,R2,MSE,MAE,MAEP
DecisionTreeRegressor,0.27347191165535006,528686.7372915718,499.0202225031545,0.7738472569990548
ElasticNet,0.35896795227014333,512914.254324713,513.9031957287827,0.7676904741298047
GradientBoostingRegressor,0.5523403837623595,327849.1324065845,431.6316435064487,0.8047669702210948
KNeighborsRegressorK10,0.4440732605430191,413118.38425358833,481.4245591247137,0.782767797314427
KNeighborsRegressorK100,0.4209213463811328,453743.2924162934,495.4887945397121,0.7764861770993726
KNeighborsRegressorK101,0.42049119408123464,454547.5226922437,495.7162936830181,0.776391630306254
KNeighborsRegressorK102,0.4199395067726588,455285.05199487886,495.9212696088077,0.7762996783322585
KNeighborsRegressorK103,0.4197638334371679,455207.7376067984,495.9665616140532,0.7762648136390856
KNeighborsRegressorK104,0.4191474355454796,456108.77560232097,496.14287968885344,0.7761889737558858
KNeighborsRegressorK105,0.4188220808405016,456724.843149697,496.29539758052744,0.7761204096695896
KNeighborsRegressorK106,0.41819969744813523,457555.58381514804,496.5059917872754,0.7760372170314996
KNeighborsRegressorK107,0.41798809439384554,457658.81269048876,496.640724263509,0.7759785870927235
KNeighborsRegressorK108,0.4179718001054076,457921.9623013433,496.535123452745,0.7760349165741139
KNeighborsRegressorK109,0.41738553694241615,458671.4250400799,496.75733045962676,0.7759405382330716
KNeighborsRegressorK11,0.44707472603556236,411935.7386260239,480.65406552459945,0.7831090495526299
KNeighborsRegressorK110,0.4170598541234608,458969.48544937506,496.83378250637315,0.7759005850695435
KNeighborsRegressorK111,0.4167263353155976,459513.35821439914,496.9061009995108,0.7758666477897651
KNeighborsRegressorK112,0.4161730816404022,460239.1016591376,497.15296634411243,0.7757566627881874
KNeighborsRegressorK113,0.41597168464718637,460391.3832178862,497.20934836155254,0.7757287223499878
KNeighborsRegressorK114,0.41547652684964426,460905.31502010004,497.3295731921807,0.7756703127259016
KNeighborsRegressorK115,0.4150556845080206,461366.596017934,497.5073436284831,0.7755965506598494
KNeighborsRegressorK116,0.4146072218123541,461909.0070428422,497.8036939727731,0.7754782226399106
KNeighborsRegressorK117,0.4141432473858941,462410.8431953637,498.05954637405034,0.7753681705176113
KNeighborsRegressorK118,0.41392924989600755,462777.1108990955,498.2056263678745,0.7753069199683815
KNeighborsRegressorK119,0.41350668258968,463367.9938903243,498.3292356422649,0.775247949999948
KNeighborsRegressorK12,0.4495668923162472,410275.457943468,480.80536050812304,0.7830117411002043
KNeighborsRegressorK120,0.4131616580059505,463975.96403720847,498.3730432532435,0.7752256234787908
KNeighborsRegressorK121,0.4128456728528516,464411.2472413802,498.51430973424834,0.7751575259186472
KNeighborsRegressorK122,0.41236950824200064,464859.26296383137,498.6920075116225,0.7750706716351403
KNeighborsRegressorK123,0.4120271148661863,465299.82173547224,498.8013718018086,0.7750288419156474
KNeighborsRegressorK124,0.4113631814680869,466018.49168497045,499.0687651009222,0.7749214983446638
KNeighborsRegressorK125,0.41093168754008447,466394.3492270475,499.2614175907194,0.774836187468999
KNeighborsRegressorK126,0.4105316219787607,466539.707348476,499.44520836126634,0.7747555478384625
KNeighborsRegressorK127,0.4101139638724397,467061.8382569321,499.61413267318073,0.7746783906958048
KNeighborsRegressorK128,0.4099336472123437,467324.6059384598,499.64579316623775,0.7746716945812636
KNeighborsRegressorK129,0.4097811372656789,467620.9714144958,499.7188378440273,0.7746380981659892
KNeighborsRegressorK13,0.45330817704423687,408156.819710132,479.2626733985246,0.7836264378142174
KNeighborsRegressorK130,0.40946726739451367,468096.57221162657,499.8222838304387,0.774586938372865
KNeighborsRegressorK131,0.40914852990153916,468474.82105757785,499.9643089044792,0.7745104025696773
KNeighborsRegressorK132,0.40872170183399315,469146.32518835366,500.1062309595476,0.7744480084361605
KNeighborsRegressorK133,0.40842123369781347,469493.061292782,500.2872772289268,0.7743672710845566
KNeighborsRegressorK134,0.40849430263009084,469452.6328760181,500.2957179000816,0.7743728922730579
KNeighborsRegressorK135,0.4082631525657206,469867.7397887083,500.459811247602,0.7743047505763698
KNeighborsRegressorK136,0.4080283043278916,470206.6602200941,500.50703021095376,0.7742783335268986
KNeighborsRegressorK137,0.40787489020733636,470564.13401031034,500.5816718970079,0.7742454749165134
KNeighborsRegressorK138,0.40775097148099254,470921.4150669533,500.6692026419189,0.7742032564787299
KNeighborsRegressorK139,0.40767240620848816,471215.7491618855,500.7275637324259,0.774187551348471
KNeighborsRegressorK14,0.4545771569679769,406991.4035238784,479.30215846399267,0.7835930420785788
KNeighborsRegressorK140,0.4073933675900482,471593.15415863425,500.79839556259503,0.7741573653046483
KNeighborsRegressorK141,0.4070521723548712,471960.02379503177,500.925919484274,0.774090678958328
KNeighborsRegressorK142,0.40670888311333464,472253.13158285146,501.0632089650849,0.7740241775965442
KNeighborsRegressorK143,0.40649510943371264,472496.8473637695,501.1747368966712,0.7739791943440837
KNeighborsRegressorK144,0.4063331550714558,472896.18685910373,501.1885189912428,0.7739742608559592
KNeighborsRegressorK145,0.40620620416710634,473115.7341996566,501.2359134296171,0.7739541638533199
KNeighborsRegressorK146,0.40608786231492966,473313.0040104405,501.344357622658,0.7738984564862343
KNeighborsRegressorK147,0.40560243077325203,473901.3771673877,501.6148373861051,0.7737804073895148
KNeighborsRegressorK148,0.4049785908181061,474501.07169125223,501.87025633253864,0.7736642858150298
KNeighborsRegressorK149,0.4045243186462226,474978.86593731784,502.05719978697135,0.7735783942353878
KNeighborsRegressorK15,0.4545075904506517,407925.4982169245,479.3933173782315,0.7835571617875483
KNeighborsRegressorK150,0.4041051849897998,475456.0595106941,502.1279098892055,0.7735508947077533
KNeighborsRegressorK151,0.40371623191400613,475737.69248426287,502.25821158123034,0.7734862686727827
KNeighborsRegressorK152,0.40338780471399405,475974.2396472094,502.41590670819386,0.7734098438359068
KNeighborsRegressorK153,0.4032256359317096,476327.01480425947,502.45717577395465,0.7733954595867967
KNeighborsRegressorK154,0.40305755981944524,476503.37840962235,502.5284266046774,0.7733556834193962
KNeighborsRegressorK155,0.40275869158975597,476863.2844428779,502.7005518148809,0.7732795103006328
KNeighborsRegressorK156,0.40255791186775924,477170.1106686394,502.7761933229201,0.7732413995852196
KNeighborsRegressorK157,0.40255445908398346,477285.1633918906,502.7744731214159,0.7732387505433795
KNeighborsRegressorK158,0.4023631014239543,477580.2057698639,502.88952316559596,0.7731941852288821
KNeighborsRegressorK159,0.4021675635409204,477841.9696088379,502.9842745115542,0.773157238011165
KNeighborsRegressorK16,0.45519817424792486,407385.1799456305,479.32868256863725,0.7835633571503869
KNeighborsRegressorK160,0.4021313321534867,478004.5321738925,502.98761701049125,0.773157167788301
KNeighborsRegressorK161,0.40175009811882495,478346.7352837019,503.09405601683625,0.7731115694742647
KNeighborsRegressorK162,0.4015868563621652,478597.5920226275,503.10068660540446,0.7731162934211341
KNeighborsRegressorK163,0.4014174328690064,478850.44938776863,503.1377912325974,0.7730928247069475
KNeighborsRegressorK164,0.4011490814696132,479183.1288641911,503.2826084613949,0.7730346220221598
KNeighborsRegressorK165,0.400878704260589,479544.6462105111,503.46038710881686,0.7729575939053503
KNeighborsRegressorK166,0.4005803019108698,479874.934484994,503.55842814963563,0.772918960765144
KNeighborsRegressorK167,0.4003831908400023,480176.17353404814,503.63209619004556,0.7728891157300218
KNeighborsRegressorK168,0.4001442643160773,480588.14362175623,503.72026970227853,0.7728568275671712
KNeighborsRegressorK169,0.3998477380573905,480980.82231001934,503.80879563530004,0.772813750735598
KNeighborsRegressorK17,0.4553607954142156,407753.6973308112,479.90563015324295,0.7833040187619634
KNeighborsRegressorK170,0.39967799189254727,481267.20106539637,503.8725140120239,0.7727844821458856
KNeighborsRegressorK171,0.3995912421075223,481429.57529273204,503.91424861862566,0.772761784360388
KNeighborsRegressorK172,0.3993080595408448,481724.4835237189,504.0076853202355,0.7727099967151585
KNeighborsRegressorK173,0.3991912871688547,481940.4083484215,504.01887729109285,0.7727054145704112
KNeighborsRegressorK174,0.3990031795178375,482201.3549158207,504.1501541986351,0.7726529955339237
KNeighborsRegressorK175,0.3988781158581244,482442.8757682409,504.1718216842644,0.7726491957910055
KNeighborsRegressorK176,0.39871868280505146,482620.45869442343,504.25447337244873,0.772620047284608
KNeighborsRegressorK177,0.39842736810850726,482831.43314423773,504.3654339254386,0.7725623467913062
KNeighborsRegressorK178,0.39823679983208443,483024.81683610834,504.44668240186843,0.7725274068131467
KNeighborsRegressorK179,0.3979827186181685,483266.1320789263,504.5636864571873,0.7724736065193623
KNeighborsRegressorK18,0.45588550374136977,407531.648017216,479.61668854470605,0.7834804917576165
KNeighborsRegressorK180,0.3978312779692652,483511.78420737083,504.64714371066987,0.7724423206912945
KNeighborsRegressorK181,0.3975558538264359,483828.40580762073,504.75140721259027,0.7723922950866307
KNeighborsRegressorK182,0.39730638789238537,484141.76233344426,504.8624768141374,0.7723424767944442
KNeighborsRegressorK183,0.3970303105784182,484404.0924088946,504.9783114212098,0.7722882107435499
KNeighborsRegressorK184,0.3968872504883209,484594.8000034696,505.035598224961,0.7722653305898018
KNeighborsRegressorK185,0.39681946130922346,484740.90719844017,505.09171241559284,0.7722436516377834
KNeighborsRegressorK186,0.39657586122993704,485030.0990149434,505.2169896349417,0.7721912597733149
KNeighborsRegressorK187,0.3963245939008828,485375.3511159872,505.3172106490938,0.7721603304461083
KNeighborsRegressorK188,0.3959316309916389,485742.14971004275,505.469965169337,0.7720943575279423
KNeighborsRegressorK189,0.395426524017064,486285.8519329547,505.6773916289067,0.7720003126565448
KNeighborsRegressorK19,0.454811288717651,408183.5634466895,480.3006639765923,0.7831832102414306
KNeighborsRegressorK190,0.39518017339433426,486518.3818229549,505.73601817310146,0.7719745031470041
KNeighborsRegressorK191,0.39488225957914513,486849.2928411186,505.85235418174614,0.7719235968268767
KNeighborsRegressorK192,0.3946887072248769,487154.83639482665,505.9553009080904,0.7718777171644517
KNeighborsRegressorK193,0.39446544109384757,487387.69368402025,506.0264066351109,0.7718383676307659
KNeighborsRegressorK194,0.39426971082226636,487623.19147284364,506.09101807118816,0.7718093412466313
KNeighborsRegressorK195,0.3940820030983009,487858.36245313246,506.1690351618605,0.7717757352995039
KNeighborsRegressorK196,0.39382432860501365,488235.7404792875,506.2690354412166,0.7717400749928026
KNeighborsRegressorK197,0.3936849086867428,488431.0255503634,506.3065266495769,0.7717290715109602
KNeighborsRegressorK198,0.39343303463323226,488756.8509427786,506.42045918587837,0.7716878667607822
KNeighborsRegressorK199,0.393109309198192,489065.6105744301,506.514937689175,0.7716402198749971
KNeighborsRegressorK20,0.4550376864461386,408236.7316942455,480.20268246231376,0.7832184868255291
KNeighborsRegressorK21,0.455494949702649,408407.2883171379,480.1238477632718,0.7832788452382086
KNeighborsRegressorK22,0.4556208568381611,408775.57910913887,480.4794760550239,0.7831735306807772
KNeighborsRegressorK23,0.45494779248272255,409383.2944356697,480.7222932606605,0.7830175563406311
KNeighborsRegressorK24,0.4543051388074768,409730.6935727739,481.0122960267179,0.7828954252275789
KNeighborsRegressorK25,0.45399792181799314,410332.56306025037,481.5752209686078,0.7826511324168974
KNeighborsRegressorK26,0.4533447390886305,410549.62878628867,481.9916378636587,0.7824633016264374
KNeighborsRegressorK27,0.45310757509042154,410472.8959048612,481.8729385526481,0.7824343597563267
KNeighborsRegressorK28,0.4529380560577603,410333.54416730866,481.7329000821867,0.7824469483930898
KNeighborsRegressorK29,0.4533963319620723,410225.4499462924,481.4291585586545,0.7825568100458656
KNeighborsRegressorK30,0.4526981141910153,411639.6925485476,481.665606233155,0.7824755762206501
KNeighborsRegressorK31,0.45181205699293253,412547.4273493298,482.2507319899711,0.7822093296807305
KNeighborsRegressorK32,0.45121057599217396,413271.5851907755,482.4906883508644,0.7821317423948306
KNeighborsRegressorK33,0.45005832304687843,414765.38861199276,482.98630979951616,0.7819697037184192
KNeighborsRegressorK34,0.44930300489884273,415805.99991538184,483.480336089693,0.7817496948152611
KNeighborsRegressorK35,0.4482799174665977,416960.3146165003,484.0132406197099,0.7815231819606102
KNeighborsRegressorK36,0.44915304361827674,416610.05571758957,483.72223288603266,0.7816615779598534
KNeighborsRegressorK37,0.44924542057506267,416850.593137388,483.80365283604846,0.7816493878730258
KNeighborsRegressorK38,0.44837960300306584,418070.3093039693,484.22344375399047,0.7815074350843955
KNeighborsRegressorK39,0.4481212846872595,418320.15165737196,484.2094646207058,0.7815311583293295
KNeighborsRegressorK40,0.44840473369769546,418295.93865067867,484.34320019224407,0.7814760792401534
KNeighborsRegressorK41,0.4481937886184584,418860.3231365257,484.52306772697807,0.7813875683457772
KNeighborsRegressorK42,0.4477727561577081,419447.49176226003,484.7584155624622,0.7812855117193892
KNeighborsRegressorK43,0.446514748207034,420778.17571385554,485.44324334574134,0.7809947836215623
KNeighborsRegressorK44,0.4463354511068571,421353.6630562782,485.61844388039145,0.7809068000988697
KNeighborsRegressorK45,0.4460603079650699,421688.4945946731,485.91897004161865,0.780815442270777
KNeighborsRegressorK46,0.4452731155298588,422459.9412044979,486.1951627444666,0.7806894334689588
KNeighborsRegressorK47,0.44494930517500625,422961.9222107736,486.48603342241984,0.7805681757556343
KNeighborsRegressorK48,0.4448079467607709,423305.00386808044,486.6041545036787,0.7804890056338327
KNeighborsRegressorK49,0.44400134650454803,424522.03337438696,486.8132159535478,0.7804168742446166
KNeighborsRegressorK5,0.4207593060137222,428884.56187198067,487.70358380117244,0.7796146071993232
KNeighborsRegressorK50,0.44358471134642596,424960.04583400936,487.1124361689332,0.7802625642264065
KNeighborsRegressorK51,0.4433739803299387,425381.17626722774,487.1899523855487,0.7802228606782436
KNeighborsRegressorK52,0.44292410602335663,425773.37794126425,487.3591928370771,0.780111897022511
KNeighborsRegressorK53,0.4424203949962222,426528.4551105601,487.5903443719824,0.7800211676180788
KNeighborsRegressorK54,0.44135184178575576,427342.76746779156,488.13782875642363,0.7797739252043518
KNeighborsRegressorK55,0.4407567038469036,427769.62034509657,488.3700790033052,0.7796765375323323
KNeighborsRegressorK56,0.4405898925729368,427977.06597942614,488.4711984851871,0.7796226600541063
KNeighborsRegressorK57,0.4400147456908744,428473.1363758083,488.59825165310025,0.7795366910666983
KNeighborsRegressorK58,0.4399675416857181,428490.3214088151,488.6053526900197,0.7795064323266947
KNeighborsRegressorK59,0.4396624367855906,428710.36325438763,488.75022830341095,0.7794207097741818
KNeighborsRegressorK6,0.4286723112919337,423540.3750590673,486.9417989338632,0.780010328499425
KNeighborsRegressorK60,0.4394521640391431,429004.7707945577,488.93234578932197,0.7793125222440497
KNeighborsRegressorK61,0.43874130935128386,429514.60903911176,489.20012842953935,0.7791825807263276
KNeighborsRegressorK62,0.43835474294443194,429987.07108647027,489.266242440254,0.7791422154110869
KNeighborsRegressorK63,0.43761465061967486,430801.6538262633,489.46150873468935,0.7790262329528828
KNeighborsRegressorK64,0.4370429735121573,431689.99678644625,489.6961930298825,0.7789563491179938
KNeighborsRegressorK65,0.4367404016954031,432281.1978944724,489.76027346755603,0.7789356708244662
KNeighborsRegressorK66,0.43637397490713586,432956.9994508264,489.74072973575807,0.7789236454600127
KNeighborsRegressorK67,0.4360047162730211,433321.2197997926,489.8671187782172,0.7788661061893697
KNeighborsRegressorK68,0.43510562956153276,434380.9796993921,490.19391307529673,0.7787267966790329
KNeighborsRegressorK69,0.43512698032682445,434910.9027146045,490.2388979992993,0.7787320557347381
KNeighborsRegressorK7,0.43190947289431925,420889.42014898977,486.2752318255177,0.7802663071530836
KNeighborsRegressorK70,0.43473217155751115,435486.039965848,490.3412840987029,0.7786977202882932
KNeighborsRegressorK71,0.4343281134196215,435932.9747870441,490.4558026338201,0.7786206764006034
KNeighborsRegressorK72,0.4339421910187659,436342.9994698098,490.624750790238,0.7785491773415545
KNeighborsRegressorK73,0.433471989722636,437041.34924792626,490.7835957132969,0.7784853738623487
KNeighborsRegressorK74,0.4331305468074137,437730.0477789962,491.02187504256284,0.7784066952217624
KNeighborsRegressorK75,0.43252833137856544,438569.3889367032,491.2809430237518,0.7783042413879642
KNeighborsRegressorK76,0.43152343867191484,439600.15263892047,491.74913024278396,0.778091140526547
KNeighborsRegressorK77,0.4311345362837165,440078.34103509143,491.94921507351694,0.7780062464676711
KNeighborsRegressorK78,0.4305032884534511,440855.62381430255,492.1529873804062,0.7779157506436047
KNeighborsRegressorK79,0.42987932074511903,441966.1803828982,492.410486920737,0.7778335741994946
KNeighborsRegressorK8,0.4348539541688318,419782.7734229636,484.8731641855515,0.7811802836063167
KNeighborsRegressorK80,0.4293106544869915,442598.41691373434,492.5792604583539,0.7777640739424823
KNeighborsRegressorK81,0.42897171465647455,443079.7246721184,492.81199757199226,0.7776617029853098
KNeighborsRegressorK82,0.4288936732207849,443467.1656949031,492.8401600190704,0.7776583851552138
KNeighborsRegressorK83,0.428438823945794,443832.42462468095,493.0206202011017,0.7775686590110593
KNeighborsRegressorK84,0.4280414988965692,444511.9711627023,493.21272029380947,0.7774870070715723
KNeighborsRegressorK85,0.42743183510683674,445364.2048316721,493.4142256880498,0.7773938112513432
KNeighborsRegressorK86,0.42692335428762435,445959.2379837122,493.5970254782549,0.7773021769975363
KNeighborsRegressorK87,0.42635465045008525,446570.04835048516,493.6753879843045,0.7772567755797757
KNeighborsRegressorK88,0.4257011271548584,447475.15700699337,493.8803696992294,0.7771786134945516
KNeighborsRegressorK89,0.4253987144059738,448090.2400874126,494.0594066421154,0.777117814499984
KNeighborsRegressorK9,0.43963597654687797,416821.8011264899,483.3482832308079,0.7819376151975829
KNeighborsRegressorK90,0.42474195988644137,448884.6372789074,494.2269858378802,0.7770435669732488
KNeighborsRegressorK91,0.4242554264066158,449540.63734504365,494.4839794301544,0.7769373248446109
KNeighborsRegressorK92,0.4238491827737887,449680.46070665575,494.64068119564485,0.7768614876376246
KNeighborsRegressorK93,0.4235229859539061,450288.947584131,494.5970393005112,0.7768803933205061
KNeighborsRegressorK94,0.42289405952299197,451181.3708038563,494.88421741172715,0.7767553987316698
KNeighborsRegressorK95,0.42245940431369583,451778.09225077153,495.0610539803936,0.7766704037804366
KNeighborsRegressorK96,0.422219459089459,452091.6688355332,495.0358586491395,0.776677278849149
KNeighborsRegressorK97,0.421719536138737,452762.42265372956,495.1731070986326,0.7766152548098922
KNeighborsRegressorK98,0.42148602485194353,453052.56565843,495.27525029820544,0.7765853244761785
KNeighborsRegressorK99,0.42118108722303205,453361.0740230973,495.3552072721336,0.7765425899896369
Lasso,0.38163051937052994,477704.86589980015,509.4651094955574,0.7695869280483552
LinearRegression,0.38162556339215964,477652.83128559147,509.55551716290586,0.7695395010730501
RandomForestRegressorM100N120,0.5329605197368976,332722.0888098071,412.97947179782295,0.8127047450951591
RandomForestRegressorM100N145,0.5334693542121116,332398.12056155415,412.72599242919557,0.8128942082519452
RandomForestRegressorM100N170,0.5342487252241059,332128.4378112427,412.42910643458066,0.8129644286189104
RandomForestRegressorM100N195,0.5349226463334751,332003.9680575504,412.0695378366905,0.813146354101216
RandomForestRegressorM100N20,0.515512006884773,345902.0563499417,420.3846697911489,0.8093041132143063
RandomForestRegressorM100N220,0.534530360577932,332073.125689164,412.1881721658683,0.813102222903377
RandomForestRegressorM100N245,0.5355527356351517,330875.13399046625,411.42038097026074,0.8133876785724232
RandomForestRegressorM100N270,0.5341680066282852,332363.6354741422,412.456327001635,0.813057939929021
RandomForestRegressorM100N295,0.5342737725283755,331814.8658391458,411.9047353079619,0.8131570564658249
RandomForestRegressorM100N45,0.5268623348883609,337430.880178937,415.40900216870824,0.811640875443601
RandomForestRegressorM100N70,0.531173230418118,334314.52640745044,413.4195339779689,0.8125377199262311
RandomForestRegressorM100N95,0.5329611585318565,332614.11248957936,412.1211673505213,0.81294696193761
RandomForestRegressorM125N120,0.5334042576796294,331978.9599278781,412.0405512388715,0.8130735555273829
RandomForestRegressorM125N145,0.5340297978654722,332989.84394358523,412.3379396986369,0.8130869401921302
RandomForestRegressorM125N170,0.5339161463531189,332467.0430158628,412.4862677165073,0.8130001513392965
RandomForestRegressorM125N195,0.5336547534617672,333285.62602109916,412.8681510583686,0.8129159024921623
RandomForestRegressorM125N20,0.5172288890845248,344851.4676101179,419.2721984879229,0.8100752997216067
RandomForestRegressorM125N220,0.5340294788470589,332590.9920895269,412.60989106128653,0.8129803116668973
RandomForestRegressorM125N245,0.5337607763967089,332402.15003213246,412.6424969246043,0.8128870558626435
RandomForestRegressorM125N270,0.5339824753770491,332371.07526843104,412.2794840713921,0.8130681425320866
RandomForestRegressorM125N295,0.5341083475788965,332054.05485713703,412.4090385518471,0.8129419693247834
RandomForestRegressorM125N45,0.5256171161752874,337842.5293773251,415.54121533150504,0.8115146246384232
RandomForestRegressorM125N70,0.5310533676746908,334183.0908206321,413.5037514811013,0.8125166620656182
RandomForestRegressorM125N95,0.5307104081902303,334734.990324464,413.86382550839676,0.8123518478078111
RandomForestRegressorM150N120,0.5318259831138751,333898.74447591236,413.5224357790566,0.8124677246005224
RandomForestRegressorM150N145,0.5325093873516693,333025.41675430106,412.5726107614188,0.8128991216765005
RandomForestRegressorM150N170,0.5343018369580962,332247.9101596314,411.763604608447,0.8133383919802879
RandomForestRegressorM150N195,0.5348926574248665,331868.77702567447,411.98633740092015,0.8131469227703891
RandomForestRegressorM150N20,0.5201924629735897,342748.07170804124,417.0427712396417,0.8108579322402168
RandomForestRegressorM150N220,0.5341403292905229,332201.8912250198,412.54900010634896,0.81292413048056
RandomForestRegressorM150N245,0.5348260324284735,332522.7826509339,412.4468431559317,0.8131133648354685
RandomForestRegressorM150N270,0.5335867151937861,332943.7043608952,412.3646543203761,0.8130616490274808
RandomForestRegressorM150N295,0.5362977169583051,330346.1855211898,411.2534261069059,0.8135411463865432
RandomForestRegressorM150N45,0.5277121141145339,337161.8847140121,413.35247962311155,0.8125288915012998
RandomForestRegressorM150N70,0.5280729901229028,336606.36205012316,415.3380979720602,0.8117402429114972
RandomForestRegressorM150N95,0.5307314310156475,334883.2578301746,414.18740003964797,0.8122707984070625
RandomForestRegressorM175N120,0.5345213692581778,331838.5746760706,412.16904500914484,0.8130833959017084
RandomForestRegressorM175N145,0.5314077996025456,334563.67894112144,413.3315438911559,0.8125986078794473
RandomForestRegressorM175N170,0.5359793253853791,331112.6951015731,411.6774500477017,0.8133882823472297
RandomForestRegressorM175N195,0.5344356367198445,331478.373854204,411.6411943187503,0.8133400394953256
RandomForestRegressorM175N20,0.5199620419813891,343068.74294734263,419.5553020899418,0.8098657148463977
RandomForestRegressorM175N220,0.5344234536332299,332039.6311617205,411.88558609104876,0.8132406995618735
RandomForestRegressorM175N245,0.5349124910972584,331715.8853645282,411.86860315560955,0.8132368037894409
RandomForestRegressorM175N270,0.5351650859440135,331655.5803911339,412.1018758162268,0.8131946459424778
RandomForestRegressorM175N295,0.5349629253094249,331601.5995838029,411.73477970758086,0.8133177483771887
RandomForestRegressorM175N45,0.5312189410005616,334712.2005572923,413.5868071283002,0.81246256957975
RandomForestRegressorM175N70,0.531979737623274,332603.0753524164,413.33977009984466,0.8123752788368473
RandomForestRegressorM175N95,0.5311575885238283,333897.4774279564,412.980919216967,0.8126389157363584
RandomForestRegressorM200N120,0.5327249607592592,333035.45305395167,412.7150502595234,0.8128231154611043
RandomForestRegressorM200N145,0.533903877040663,332635.65229495964,411.86205841442484,0.8132627010336955
RandomForestRegressorM200N170,0.535064851564497,331214.8597081147,411.69091005178194,0.8133262889642088
RandomForestRegressorM200N195,0.5348188194755509,331747.4751542806,412.07208634197156,0.8131461110338873
RandomForestRegressorM200N20,0.5172528466134055,343706.13611588517,418.7003617485911,0.8100920988671635
RandomForestRegressorM200N220,0.5344187658185899,331831.75921062846,411.89889739242415,0.8132713857633497
RandomForestRegressorM200N245,0.5337055268374334,332351.30494282115,412.36835803802654,0.813008214790033
RandomForestRegressorM200N270,0.534858881527374,331342.8410851325,412.28807366210197,0.8130110911078048
RandomForestRegressorM200N295,0.5353955149738372,331772.5688213049,411.3236367654064,0.8135392865185331
RandomForestRegressorM200N45,0.5281981213504461,335745.9613640755,414.4332910784305,0.8120912882371619
RandomForestRegressorM200N70,0.53245101969564,333591.8184177082,413.3059866859436,0.8125723947112432
RandomForestRegressorM200N95,0.5309170071177708,333680.7998495927,413.06375148131303,0.8126323559959157
RandomForestRegressorM225N120,0.5317877786516187,334097.9773852352,413.11516340793855,0.8126837194312702
RandomForestRegressorM225N145,0.5357455909563893,330987.0262062265,412.31753671752784,0.8130343019099128
RandomForestRegressorM225N170,0.5343159260958948,332337.2256129794,412.622129666861,0.8129161985970494
RandomForestRegressorM225N195,0.5351359418359052,331394.2976499464,411.74562436457416,0.8132550721159489
RandomForestRegressorM225N20,0.5206117616277866,340618.2197246695,419.8783877125108,0.8094905509305895
RandomForestRegressorM225N220,0.5341946386064709,332736.7409709577,412.0677143905034,0.8132194135075397
RandomForestRegressorM225N245,0.5342893592761837,331823.782367679,412.2739496752437,0.8130538867737354
RandomForestRegressorM225N270,0.531677011544991,333804.01069149975,413.0128498623078,0.8127061779855504
RandomForestRegressorM225N295,0.5339151950064788,332607.733647487,412.08157366995795,0.8131702397360419
RandomForestRegressorM225N45,0.5276900031618593,337107.66452070785,415.1092229565629,0.8119358568988356
RandomForestRegressorM225N70,0.5286681109662796,336272.34405584884,414.83373948327204,0.8119966763210421
RandomForestRegressorM225N95,0.532204437593942,333200.3573494861,412.843570175499,0.81270915512881
RandomForestRegressorM250N120,0.5319922452742919,333647.494945798,413.5411188648677,0.812420622182003
RandomForestRegressorM250N145,0.5338713656655821,333287.29898315517,412.0195244764522,0.8131908356396969
RandomForestRegressorM250N170,0.5350794789336707,332002.1595709595,412.6789404598447,0.8129814865196806
RandomForestRegressorM250N195,0.5314874258884541,334406.97951859114,413.6176729187375,0.8124530626154178
RandomForestRegressorM250N20,0.5199036379973829,341405.48613602755,417.93148884149645,0.810421259736616
RandomForestRegressorM250N220,0.5357501955784961,331348.6944870452,411.6533811039017,0.8133506415936917
RandomForestRegressorM250N245,0.5339182288845155,332872.75922167505,412.53423521593436,0.8129844172660587
RandomForestRegressorM250N270,0.5342966704694155,332430.11862516595,412.4409610292614,0.813047032162107
RandomForestRegressorM250N295,0.5346688718699688,331787.0060790127,411.70448081191785,0.8133308110531559
RandomForestRegressorM250N45,0.529423316773029,335101.8206495591,413.91712420882016,0.8123143626988308
RandomForestRegressorM250N70,0.529312547409874,335542.7241153737,414.44875486213243,0.8120022407100459
RandomForestRegressorM250N95,0.5312100679719953,333971.6765511616,413.86613208233695,0.8123045867925014
RandomForestRegressorM275N120,0.5309021406870044,334194.33613472496,413.5675472233554,0.812485356777047
RandomForestRegressorM275N145,0.5318710357466249,333133.067190316,412.22470672245885,0.8129844659491339
RandomForestRegressorM275N170,0.5329057442142033,332945.5819077007,412.8396110281343,0.812740915984398
RandomForestRegressorM275N195,0.5337250836314255,332225.4913189946,412.1945737586929,0.8130015597072318
RandomForestRegressorM275N20,0.5185224218602212,343051.1276753387,419.7916161050306,0.8095639147739617
RandomForestRegressorM275N220,0.5347985744914687,332105.98176161235,411.99115906164934,0.8132126272251613
RandomForestRegressorM275N245,0.5324010875596007,333444.7513591282,412.7090202083484,0.8128436723606819
RandomForestRegressorM275N270,0.5340507494192495,332307.14605037926,412.1461697148757,0.8131375852403924
RandomForestRegressorM275N295,0.5329185153840057,333267.063108753,412.47004046987956,0.8130110454705206
RandomForestRegressorM275N45,0.5296359324072814,335177.2221358397,414.81269380686655,0.8117720647224085
RandomForestRegressorM275N70,0.5266973789193843,337171.57177210116,414.9501549296943,0.8118428245609528
RandomForestRegressorM275N95,0.5331706687696883,332858.8800841486,412.67313730972194,0.8128885168143832
RandomForestRegressorM300N120,0.5295770847435178,334729.0991614193,413.73088954743514,0.8123066648817212
RandomForestRegressorM300N145,0.5317809389744721,333988.0553622903,413.219086274708,0.8126157872902445
RandomForestRegressorM300N170,0.5335864099005623,331980.27116050443,412.6545297708557,0.8127769538988235
RandomForestRegressorM300N195,0.5347003991736912,331559.194470444,411.8486520213063,0.8132033328733169
RandomForestRegressorM300N20,0.5159931620867044,344833.1731242503,419.88802652217566,0.8097243065700456
RandomForestRegressorM300N220,0.5359736974850408,331464.93627164135,412.1027275023653,0.8131644538948647
RandomForestRegressorM300N245,0.534944255116981,331406.009477135,411.9797792242418,0.8132028806719809
RandomForestRegressorM300N270,0.5345900784893779,332090.1899088656,412.51071208644584,0.8130060033409262
RandomForestRegressorM300N295,0.534477735738001,331785.9440654886,411.96857570545285,0.8131841024090517
RandomForestRegressorM300N45,0.5270103378981832,336838.28544376587,416.4762753147536,0.8112810249739222
RandomForestRegressorM300N70,0.5341812044411329,332621.2794756178,412.44624799150336,0.8128646306783056
RandomForestRegressorM300N95,0.5286269563917323,336267.0102649284,414.92302128492986,0.811876201369834
RandomForestRegressorM325N120,0.5324589866676062,332808.79994252947,412.74985009663214,0.812810664082381
RandomForestRegressorM325N145,0.5371965474040876,330203.4587655352,411.00807719980975,0.8136198778777376
RandomForestRegressorM325N170,0.5327614913006122,333098.75677881745,413.00537102700105,0.8127097889553812
RandomForestRegressorM325N195,0.5331048018388034,332838.63741310075,412.5320637836742,0.8129592863297959
RandomForestRegressorM325N20,0.5153807813100312,345568.11364274635,420.06761224567526,0.8097464693277262
RandomForestRegressorM325N220,0.5326361411163146,333294.3532315628,412.6021243076817,0.8129156047686023
RandomForestRegressorM325N245,0.5344047413818358,332195.74443348486,412.30735821302335,0.8131074285244086
RandomForestRegressorM325N270,0.5344674176130026,331922.54081519187,412.0772325906557,0.8131138796539658
RandomForestRegressorM325N295,0.5350794807761742,331658.1351840436,411.80816980624985,0.8133200018005423
RandomForestRegressorM325N45,0.5262489388465699,338244.8346360985,415.98851208855666,0.811594804282014
RandomForestRegressorM325N70,0.5316815324486298,333942.56152620143,412.97339759330276,0.8127562482534649
RandomForestRegressorM325N95,0.5310552655379922,334701.72240525414,413.5109253929672,0.8125268208111665
RandomForestRegressorM350N120,0.5323404603724622,332977.17116116843,412.9582788766039,0.8126264439827192
RandomForestRegressorM350N145,0.5334373948331894,333110.6733942149,412.5520522338838,0.8129259518362376
RandomForestRegressorM350N170,0.5320912189386219,333393.7941932536,413.2896213411763,0.8125654801020908
RandomForestRegressorM350N195,0.5324154219521771,333569.24613821285,412.6627885740629,0.8129180810278902
RandomForestRegressorM350N20,0.5166629025703,345897.9583195956,420.40412703911727,0.8092275345650111
RandomForestRegressorM350N220,0.5336177348649744,332444.2714080799,412.7243375354902,0.812842224005464
RandomForestRegressorM350N245,0.5337916445615751,332149.5071631548,412.1395163129755,0.8130317631764323
RandomForestRegressorM350N270,0.5341743979895865,331969.4656491676,412.00483803593744,0.8131906594390104
RandomForestRegressorM350N295,0.5346635844171492,331697.4146694615,411.8350904340534,0.8132615826149266
RandomForestRegressorM350N45,0.5296090395845676,335293.7700993156,414.0946937779949,0.8119348555265165
RandomForestRegressorM350N70,0.5317746551869372,333870.3753362138,414.05349378015467,0.8123082749034275
RandomForestRegressorM350N95,0.5320645353724569,333922.3827701552,412.91918905661197,0.8128542551805897
RandomForestRegressorM50N120,0.5316167360403491,334457.73144022824,414.03283103900134,0.8122770568019924
RandomForestRegressorM50N145,0.5336540987560362,332596.2631486313,412.5463658040633,0.8129215898597548
RandomForestRegressorM50N170,0.5333401998427475,332129.69271787134,412.8601636368956,0.8127353478250611
RandomForestRegressorM50N195,0.5336597515937638,332312.0221907016,412.58333500161217,0.812836954640602
RandomForestRegressorM50N20,0.521601422821084,340922.7934627205,417.78450747711855,0.8104272675876195
RandomForestRegressorM50N220,0.5338410421838181,332845.7858674522,412.9000759817701,0.8128261869504545
RandomForestRegressorM50N245,0.5334465263865587,332766.97051461064,412.07992363622424,0.8131034514699792
RandomForestRegressorM50N270,0.5341221739368699,332242.47913180664,412.6522976610794,0.8128727670959027
RandomForestRegressorM50N295,0.5337530323499834,332695.6171213104,412.3459024457542,0.8130454965713491
RandomForestRegressorM50N45,0.525435598972831,338406.3769209329,417.57241145557106,0.8105980507417905
RandomForestRegressorM50N70,0.5289175969031926,336228.60890748457,414.5955893102994,0.8120264280270459
RandomForestRegressorM50N95,0.5324529230418343,333882.8385097018,413.062764978913,0.8127280367000452
RandomForestRegressorM75N120,0.5328419223846704,333366.4273683015,413.0217548154042,0.8127112703512439
RandomForestRegressorM75N145,0.5343803587612808,332469.1939450714,411.7294456291781,0.8133267500957876
RandomForestRegressorM75N170,0.5338509634372198,332158.0079323349,412.0527549257832,0.8131695115825869
RandomForestRegressorM75N195,0.5341123048997349,332057.2032278452,411.5709523255647,0.8133508525167517
RandomForestRegressorM75N20,0.5184612842433989,342134.5691002441,418.5357754774775,0.8099466959777418
RandomForestRegressorM75N220,0.5344639033082131,331759.1026617738,412.3506620102628,0.8130129203026564
RandomForestRegressorM75N245,0.5337141492108055,332855.77071049594,412.8138533087309,0.8128249272932906
RandomForestRegressorM75N270,0.5332081231836057,332629.69232239405,412.6347991924428,0.8129249742655543
RandomForestRegressorM75N295,0.5341047387188912,331991.5687515026,411.9978019688508,0.8131509156562924
RandomForestRegressorM75N45,0.527963358976839,335967.08441184706,415.51249415210964,0.8115058071090185
RandomForestRegressorM75N70,0.5304661525161996,335052.26220944535,413.5366223348302,0.8125792692679196
RandomForestRegressorM75N95,0.5331247117932605,333297.66054428025,412.11110733309687,0.8131007952650532
Ridge,0.381587197040941,477794.2082856201,509.5733438684688,0.7695355289255392
SVR,0.053236523725224,804788.590218737,644.2834914215347,0.7110608148068115
XGBoostAE,-0.014721608111824724,870332.5578085167,675.73079440986,0.6985963070563516
XGBoostSE,0.4966542517413507,367533.31672178215,424.5945995442356,0.8078323353971776
